{
  "n_recipes": 285,
  "avg_tokens": 38.20701754385965,
  "avg_doses": 6.168421052631579,
  "same_root_both_d1_d2": 64,
  "ratio_distribution": [
    [
      "f103r_B08",
      6,
      0,
      0.0
    ],
    [
      "f103r_B12",
      4,
      0,
      0.0
    ],
    [
      "f104v_B12",
      5,
      0,
      0.0
    ],
    [
      "f111r_B04",
      3,
      0,
      0.0
    ],
    [
      "f111v_B02",
      5,
      0,
      0.0
    ],
    [
      "f111v_B04",
      8,
      0,
      0.0
    ],
    [
      "f112v_B07",
      3,
      0,
      0.0
    ],
    [
      "f115v_B07",
      3,
      0,
      0.0
    ],
    [
      "f115v_B08",
      3,
      0,
      0.0
    ],
    [
      "f116r_B01",
      4,
      0,
      0.0
    ],
    [
      "f116r_B04",
      10,
      0,
      0.0
    ],
    [
      "f111v_B03",
      8,
      1,
      0.125
    ],
    [
      "f111v_B07",
      7,
      1,
      0.14285714285714285
    ],
    [
      "f115v_B06",
      5,
      1,
      0.2
    ],
    [
      "f103v_B07",
      9,
      2,
      0.2222222222222222
    ],
    [
      "f103r_B04",
      4,
      1,
      0.25
    ],
    [
      "f103v_B05",
      4,
      1,
      0.25
    ],
    [
      "f108r_B12",
      4,
      1,
      0.25
    ],
    [
      "f111r_B05",
      4,
      1,
      0.25
    ],
    [
      "f115r_B13",
      4,
      1,
      0.25
    ],
    [
      "f116r_B02",
      4,
      1,
      0.25
    ],
    [
      "f116r_B03",
      4,
      1,
      0.25
    ],
    [
      "f116r_B08",
      4,
      1,
      0.25
    ],
    [
      "f111v_B08",
      10,
      3,
      0.3
    ],
    [
      "f116r_B06",
      19,
      6,
      0.3157894736842105
    ],
    [
      "f103r_B01",
      3,
      1,
      0.3333333333333333
    ],
    [
      "f103v_B13",
      6,
      2,
      0.3333333333333333
    ],
    [
      "f111v_B05",
      6,
      2,
      0.3333333333333333
    ],
    [
      "f111v_B06",
      12,
      4,
      0.3333333333333333
    ],
    [
      "f115r_B02",
      3,
      1,
      0.3333333333333333
    ],
    [
      "f116r_B05",
      3,
      1,
      0.3333333333333333
    ],
    [
      "f116r_B07",
      25,
      9,
      0.36
    ],
    [
      "f115v_B12",
      5,
      2,
      0.4
    ],
    [
      "f111v_B01",
      50,
      22,
      0.44
    ],
    [
      "f103r_B09",
      2,
      1,
      0.5
    ],
    [
      "f106r_B06",
      2,
      1,
      0.5
    ],
    [
      "f107v_B15",
      6,
      3,
      0.5
    ],
    [
      "f108r_B06",
      2,
      1,
      0.5
    ],
    [
      "f108r_B13",
      2,
      1,
      0.5
    ],
    [
      "f112r_B03",
      2,
      1,
      0.5
    ],
    [
      "f112r_B10",
      2,
      1,
      0.5
    ],
    [
      "f112v_B12",
      2,
      1,
      0.5
    ],
    [
      "f113v_B12",
      4,
      2,
      0.5
    ],
    [
      "f115v_B11",
      2,
      1,
      0.5
    ],
    [
      "f104r_B02",
      5,
      3,
      0.6
    ],
    [
      "f111r_B03",
      8,
      5,
      0.625
    ],
    [
      "f108v_B07",
      20,
      13,
      0.65
    ],
    [
      "f103r_B03",
      6,
      4,
      0.6666666666666666
    ],
    [
      "f103v_B12",
      3,
      2,
      0.6666666666666666
    ],
    [
      "f107r_B01",
      3,
      2,
      0.6666666666666666
    ],
    [
      "f107v_B07",
      3,
      2,
      0.6666666666666666
    ],
    [
      "f108v_B01",
      3,
      2,
      0.6666666666666666
    ],
    [
      "f111r_B06",
      6,
      4,
      0.6666666666666666
    ],
    [
      "f112r_B08",
      3,
      2,
      0.6666666666666666
    ],
    [
      "f114v_B01",
      6,
      4,
      0.6666666666666666
    ],
    [
      "f106v_B01",
      4,
      3,
      0.75
    ],
    [
      "f115v_B05",
      4,
      3,
      0.75
    ],
    [
      "f103r_B06",
      5,
      4,
      0.8
    ],
    [
      "f111r_B02",
      21,
      20,
      0.9523809523809523
    ],
    [
      "f103r_B17",
      3,
      3,
      1.0
    ],
    [
      "f103v_B01",
      2,
      2,
      1.0
    ],
    [
      "f104v_B05",
      2,
      2,
      1.0
    ],
    [
      "f104v_B10",
      4,
      4,
      1.0
    ],
    [
      "f106r_B09",
      3,
      3,
      1.0
    ],
    [
      "f107r_B07",
      2,
      2,
      1.0
    ],
    [
      "f107r_B14",
      5,
      5,
      1.0
    ],
    [
      "f107v_B11",
      2,
      2,
      1.0
    ],
    [
      "f108v_B02",
      2,
      2,
      1.0
    ],
    [
      "f115r_B05",
      5,
      5,
      1.0
    ],
    [
      "f115v_B01",
      4,
      4,
      1.0
    ],
    [
      "f115v_B02",
      2,
      2,
      1.0
    ],
    [
      "f106r_B15",
      7,
      8,
      1.1428571428571428
    ],
    [
      "f112v_B04",
      4,
      5,
      1.25
    ],
    [
      "f114r_B09",
      4,
      5,
      1.25
    ],
    [
      "f104v_B13",
      3,
      4,
      1.3333333333333333
    ],
    [
      "f107v_B08",
      3,
      4,
      1.3333333333333333
    ],
    [
      "f108r_B04",
      3,
      4,
      1.3333333333333333
    ],
    [
      "f108r_B07",
      3,
      4,
      1.3333333333333333
    ],
    [
      "f108v_B03",
      3,
      4,
      1.3333333333333333
    ],
    [
      "f112v_B05",
      3,
      4,
      1.3333333333333333
    ],
    [
      "f112v_B06",
      3,
      4,
      1.3333333333333333
    ],
    [
      "f112v_B10",
      3,
      4,
      1.3333333333333333
    ],
    [
      "f112v_B11",
      3,
      4,
      1.3333333333333333
    ],
    [
      "f112r_B01",
      4,
      6,
      1.5
    ],
    [
      "f113r_B11",
      4,
      6,
      1.5
    ],
    [
      "f113r_B12",
      2,
      3,
      1.5
    ],
    [
      "f113v_B13",
      2,
      3,
      1.5
    ],
    [
      "f114v_B03",
      4,
      6,
      1.5
    ],
    [
      "f115v_B03",
      2,
      3,
      1.5
    ],
    [
      "f107r_B11",
      3,
      5,
      1.6666666666666667
    ],
    [
      "f112v_B03",
      3,
      5,
      1.6666666666666667
    ],
    [
      "f114v_B04",
      3,
      5,
      1.6666666666666667
    ],
    [
      "f106v_B02",
      4,
      7,
      1.75
    ],
    [
      "f107v_B01",
      4,
      7,
      1.75
    ],
    [
      "f107v_B12",
      4,
      7,
      1.75
    ],
    [
      "f107v_B04",
      5,
      9,
      1.8
    ],
    [
      "f103v_B08",
      1,
      2,
      2.0
    ],
    [
      "f103v_B09",
      1,
      2,
      2.0
    ],
    [
      "f103v_B10",
      2,
      4,
      2.0
    ],
    [
      "f104r_B12",
      1,
      2,
      2.0
    ],
    [
      "f106r_B11",
      1,
      2,
      2.0
    ],
    [
      "f106r_B12",
      1,
      2,
      2.0
    ],
    [
      "f106v_B03",
      1,
      2,
      2.0
    ],
    [
      "f106v_B08",
      2,
      4,
      2.0
    ],
    [
      "f107r_B02",
      2,
      4,
      2.0
    ],
    [
      "f107r_B12",
      2,
      4,
      2.0
    ],
    [
      "f107v_B03",
      3,
      6,
      2.0
    ],
    [
      "f108r_B05",
      2,
      4,
      2.0
    ],
    [
      "f112r_B02",
      1,
      2,
      2.0
    ],
    [
      "f112v_B02",
      2,
      4,
      2.0
    ],
    [
      "f112v_B13",
      2,
      4,
      2.0
    ],
    [
      "f113v_B14",
      1,
      2,
      2.0
    ],
    [
      "f113v_B15",
      3,
      6,
      2.0
    ],
    [
      "f114r_B05",
      3,
      6,
      2.0
    ],
    [
      "f114r_B13",
      4,
      8,
      2.0
    ],
    [
      "f114v_B06",
      1,
      2,
      2.0
    ],
    [
      "f114v_B07",
      2,
      4,
      2.0
    ],
    [
      "f115r_B04",
      2,
      4,
      2.0
    ],
    [
      "f115r_B06",
      1,
      2,
      2.0
    ],
    [
      "f115v_B10",
      1,
      2,
      2.0
    ],
    [
      "f104r_B07",
      2,
      5,
      2.5
    ],
    [
      "f108r_B03",
      4,
      10,
      2.5
    ],
    [
      "f112v_B01",
