{
 "alphabet": [
  "#",
  "a",
  "b",
  "c",
  "d",
  "e",
  "f",
  "g",
  "h",
  "i",
  "j",
  "k",
  "l",
  "m",
  "n",
  "o",
  "p",
  "q",
  "r",
  "s",
  "t",
  "u",
  "v",
  "w",
  "x",
  "y",
  "z"
 ],
 "bigram_probs": {
  "##": 5.6e-07,
  "#a": 0.08798856,
  "#b": 0.02124111,
  "#c": 0.09938533,
  "#d": 0.04423112,
  "#e": 0.08678349,
  "#f": 0.07994877,
  "#g": 0.01494743,
  "#h": 0.01346683,
  "#i": 0.07245446,
  "#j": 0.00490715,
  "#k": 0.00108541,
  "#l": 0.02489698,
  "#m": 0.0477534,
  "#n": 0.03668727,
  "#o": 0.02960041,
  "#p": 0.06906187,
  "#q": 0.03482316,
  "#r": 0.03239797,
  "#s": 0.05322608,
  "#t": 0.05767791,
  "#u": 0.02161127,
  "#v": 0.03843951,
  "#w": 0.00127299,
  "#x": 0.02198142,
  "#y": 0.00177728,
  "#z": 0.00235227,
  "a#": 0.22443634,
  "aa": 0.00776032,
  "ab": 0.02800893,
  "ac": 0.0508407,
  "ad": 0.04268297,
  "ae": 0.02552211,
  "af": 0.02124213,
  "ag": 0.01486672,
  "ah": 0.00223994,
  "ai": 0.01700551,
  "aj": 0.0019449,
  "ak": 0.00067319,
  "al": 0.07370017,
  "am": 0.05552531,
  "an": 0.10312171,
  "ao": 0.0075845,
  "ap": 0.03255024,
  "aq": 0.01145502,
  "ar": 0.07543312,
  "as": 0.03034522,
  "at": 0.11897112,
  "au": 0.04471578,
  "av": 0.00477734,
  "aw": 0.00027337,
  "ax": 0.00362967,
  "ay": 0.00031793,
  "az": 0.00037573,
  "b#": 0.08681672,
  "ba": 0.10428983,
  "bb": 0.00544655,
  "bc": 0.02917753,
  "bd": 0.01073203,
  "be": 0.12345716,
  "bf": 0.01524199,
  "bg": 0.00112749,
  "bh": 0.00084114,
  "bi": 0.15658388,
  "bj": 0.0021655,
  "bk": 0.00026845,
  "bl": 0.01592803,
  "bm": 0.0080535,
  "bn": 0.01919119,
  "bo": 0.09435718,
  "bp": 0.00411027,
  "bq": 0.00113346,
  "br": 0.06735708,
  "bs": 0.01190128,
  "bt": 0.0427432,
  "bu": 0.19378508,
  "bv": 0.00283364,
  "bw": 0.00041162,
  "bx": 0.00084711,
  "by": 0.00088887,
  "bz": 0.00031021,
  "c#": 0.1107215,
  "ca": 0.13244917,
  "cb": 0.01079459,
  "cc": 0.04611937,
  "cd": 0.01226606,
  "ce": 0.07193445,
  "cf": 0.02934659,
  "cg": 0.00345842,
  "ch": 0.01269692,
  "ci": 0.11800189,
  "cj": 0.00258516,
  "ck": 0.00063475,
  "cl": 0.01272769,
  "cm": 0.01264306,
  "cn": 0.02972552,
  "co": 0.13160284,
  "cp": 0.00640712,
  "cq": 0.003645,
  "cr": 0.04674643,
  "cs": 0.00216969,
  "ct": 0.06806825,
  "cu": 0.12874647,
  "cv": 0.00081748,
  "cw": 0.00032892,
  "cx": 0.0043817,
  "cy": 0.00081556,
  "cz": 0.00016542,
  "d#": 0.16969147,
  "da": 0.09382165,
  "db": 0.00270381,
  "dc": 0.02235062,
  "dd": 0.01465698,
  "de": 0.20213384,
  "df": 0.00673915,
  "dg": 0.0007337,
  "dh": 0.00309444,
  "di": 0.23651235,
  "dj": 0.00212637,
  "dk": 0.00063859,
  "dl": 0.01334244,
  "dm": 0.0105571,
  "dn": 0.00657951,
  "do": 0.08465382,
  "dp": 0.0043954,
  "dq": 0.00145381,
  "dr": 0.01605644,
  "ds": 0.00175272,
  "dt": 0.02348174,
  "du": 0.07712662,
  "dv": 0.00097147,
  "dw": 0.00024796,
  "dx": 0.00070313,
  "dy": 0.00341034,
  "dz": 6.454e-05,
  "e#": 0.24904471,
  "ea": 0.02594576,
  "eb": 0.01441507,
  "ec": 0.03074471,
  "ed": 0.03135369,
  "ee": 0.01091147,
  "ef": 0.02785123,
  "eg": 0.01188925,
  "eh": 0.00098119,
  "ei": 0.02087818,
  "ej": 0.00250647,
  "ek": 0.00044506,
  "el": 0.03600467,
  "em": 0.0603762,
  "en": 0.09156142,
  "eo": 0.02296804,
  "ep": 0.01538829,
  "eq": 0.00542045,
  "er": 0.13841382,
  "es": 0.05390171,
  "et": 0.1033266,
  "eu": 0.01671324,
  "ev": 0.00323269,
  "ew": 0.00034603,
  "ex": 0.02488148,
  "ey": 0.00025383,
  "ez": 0.00024473,
  "f#": 0.08411331,
  "fa": 0.0911005,
  "fb": 0.006422,
  "fc": 0.04012198,
  "fd": 0.00434758,
  "fe": 0.08033402,
  "ff": 0.02259812,
  "fg": 0.00080741,
  "fh": 0.00558354,
  "fi": 0.21357502,
  "fj": 0.00231043,
  "fk": 0.00070493,
  "fl": 0.06446845,
  "fm": 0.01070437,
  "fn": 0.00985349,
  "fo": 0.07006751,
  "fp": 0.01810768,
  "fq": 0.0045277,
  "fr": 0.04405654,
  "fs": 0.00162413,
  "ft": 0.1072114,
  "fu": 0.11491594,
  "fv": 0.00060556,
  "fw": 0.00042855,
  "fx": 0.00071735,
  "fy": 0.00063972,
  "fz": 5.279e-05,
  "g#": 0.04369579,
  "ga": 0.12747744,
  "gb": 0.00510821,
  "gc": 0.01058442,
  "gd": 0.0177955,
  "ge": 0.1103128,
  "gf": 0.00466135,
  "gg": 0.00699203,
  "gh": 0.00159467,
  "gi": 0.17017436,
  "gj": 0.00259353,
  "gk": 0.00022781,
  "gl": 0.02151932,
  "gm": 0.03396127,
  "gn": 0.09686323,
  "go": 0.05073162,
  "gp": 0.00099886,
  "gq": 0.00039429,
  "gr": 0.13953386,
  "gs": 0.00107772,
  "gt": 0.02329799,
  "gu": 0.12832735,
  "gv": 0.0004381,
  "gw": 0.00033295,
  "gx": 0.00030667,
  "gy": 0.00088496,
  "gz": 0.00011391,
  "h#": 0.06386925,
  "ha": 0.18575403,
  "hb": 0.00328426,
  "hc": 0.01284726,
  "hd": 0.00496503,
  "he": 0.17537962,
  "hf": 0.00407635,
  "hg": 0.00542869,
  "hh": 0.00106256,
  "hi": 0.16836676,
  "hj": 0.00374792,
  "hk": 0.00028979,
  "hl": 0.0089641,
  "hm": 0.01319501,
  "hn": 0.01804413,
  "ho": 0.1504965,
  "hp": 0.008655,
  "hq": 0.00255013,
  "hr": 0.01653723,
  "hs": 0.00459797,
  "ht": 0.01574514,
  "hu": 0.11549013,
  "hv": 0.00069549,
  "hw": 0.00032843,
  "hx": 0.00096596,
  "hy": 0.01404505,
  "hz": 0.00061821,
  "i#": 0.14919277,
  "ia": 0.05695864,
  "ib": 0.02923857,
  "ic": 0.06935724,
  "id": 0.03629171,
  "ie": 0.03740352,
  "if": 0.01988281,
  "ig": 0.02282422,
  "ih": 0.00145705,
  "ii": 0.03717141,
  "ij": 0.00496997,
  "ik": 0.00058614,
  "il": 0.0382481,
  "im": 0.03474201,
  "in": 0.1195007,
  "io": 0.05592291,
  "ip": 0.02356738,
  "iq": 0.00827808,
  "ir": 0.02418667,
  "is": 0.07741491,
  "it": 0.0988562,
  "iu": 0.0408589,
  "iv": 0.00670205,
  "iw": 0.00026722,
  "ix": 0.00488512,
  "iy": 0.00017555,
  "iz": 0.00106012,
  "j#": 0.46114328,
  "ja": 0.04862057,
  "jb": 0.00908265,
  "jc": 0.0290361,
  "jd": 0.01118302,
  "je": 0.04512943,
  "jf": 0.02543143,
  "jg": 0.00417234,
  "jh": 0.00099342,
  "ji": 0.03828906,
  "jj": 0.00908265,
  "jk": 0.00127725,
  "jl": 0.01055858,
  "jm": 0.01302793,
  "jn": 0.02914964,
  "jo": 0.04515781,
  "jp": 0.02211058,
  "jq": 0.00706744,
  "jr": 0.02171322,
  "js": 0.01033152,
  "jt": 0.03800522,
  "ju": 0.1047911,
  "jv": 0.00732289,
  "jw": 0.00107856,
  "jx": 0.00513738,
  "jy": 0.00065282,
  "jz": 0.00045413,
  "k#": 0.18752894,
  "ka": 0.11174564,
  "kb": 0.01682358,
  "kc": 0.03441889,
  "kd": 0.01497145,
  "ke": 0.14323198,
  "kf": 0.01975614,
  "kg": 0.01003241,
  "kh": 0.00354993,
  "ki": 0.11051088,
  "kj": 0.00679117,
  "kk": 0.00524772,
  "kl": 0.01358234,
  "km": 0.02160827,
  "kn": 0.03086896,
  "ko": 0.05741627,
  "kp": 0.01281062,
  "kq": 0.00663683,
  "kr": 0.0282451,
  "ks": 0.01728662,
  "kt": 0.07115296,
  "ku": 0.0551011,
  "kv": 0.004476,
  "kw": 0.0013891,
  "kx": 0.00818027,
  "ky": 0.00555641,
  "kz": 0.00108041,
  "l#": 0.08880773,
  "la": 0.12195937,
  "lb": 0.01519174,
  "lc": 0.02622848,
  "ld": 0.00819674,
  "le": 0.12337661,
  "lf": 0.01044001,
  "lg": 0.00253886,
  "lh": 0.0033124,
  "li": 0.23900954,
  "lj": 0.00145038,
  "lk": 0.00085918,
  "ll": 0.08719711,
  "lm": 0.00863324,
  "ln": 0.01468618,
  "lo": 0.08390681,
  "lp": 0.00497275,
  "lq": 0.00129015,
  "lr": 0.0089841,
  "ls": 0.00609714,
  "lt": 0.03867139,
  "lu": 0.08599813,
  "lv": 0.01452871,
  "lw": 0.00026521,
  "lx": 0.00150011,
  "ly": 0.00141171,
  "lz": 0.00048622,
  "m#": 0.40212649,
  "ma": 0.10742502,
  "mb": 0.01659968,
  "mc": 0.017914,
  "md": 0.00806769,
  "me": 0.10273034,
  "mf": 0.01204994,
  "mg": 0.00197024,
  "mh": 0.00034393,
  "mi": 0.0988267,
  "mj": 0.00118657,
  "mk": 0.00012283,
  "ml": 0.00302661,
  "mm": 0.01441816,
  "mn": 0.01649405,
  "mo": 0.07666021,
  "mp": 0.03285789,
  "mq": 0.00393803,
  "mr": 0.00710467,
  "ms": 0.00357445,
  "mt": 0.01434938,
  "mu": 0.05561397,
  "mv": 0.00096793,
  "mw": 0.00023338,
  "mx": 0.00076157,
  "my": 0.00056503,
  "mz": 7.124e-05,
  "n#": 0.13950477,
  "na": 0.08040225,
  "nb": 0.00779378,
  "nc": 0.04445829,
  "nd": 0.05827754,
  "ne": 0.11050176,
  "nf": 0.03271019,
  "ng": 0.03104979,
  "nh": 0.00056043,
  "ni": 0.1126286,
  "nj": 0.0020346,
  "nk": 0.00034287,
  "nl": 0.00756752,